deusto,https://www.idealista.com/inmueble/109356873/
deusto,https://www.idealista.com/inmueble/106221410/
deusto,https://www.idealista.com/inmueble/107750109/
deusto,https://www.idealista.com/inmueble/106221526/
deusto,https://www.idealista.com/inmueble/108491309/
deusto,https://www.idealista.com/inmueble/108491397/
deusto,https://www.idealista.com/inmueble/108491389/
deusto,https://www.idealista.com/inmueble/109013297/
deusto,https://www.idealista.com/inmueble/108626918/
deusto,https://www.idealista.com/inmueble/108471006/
deusto,https://www.idealista.com/inmueble/108574469/
deusto,https://www.idealista.com/inmueble/108042974/
deusto,https://www.idealista.com/inmueble/109408699/
deusto,https://www.idealista.com/inmueble/108833638/
deusto,https://www.idealista.com/inmueble/104105241/
deusto,https://www.idealista.com/inmueble/108376976/
deusto,https://www.idealista.com/inmueble/106596850/
deusto,https://www.idealista.com/inmueble/108298767/
deusto,https://www.idealista.com/inmueble/109276995/
deusto,https://www.idealista.com/inmueble/109215410/
deusto,https://www.idealista.com/inmueble/109311000/
deusto,https://www.idealista.com/inmueble/108170695/
deusto,https://www.idealista.com/inmueble/105682326/
deusto,https://www.idealista.com/inmueble/108453712/
deusto,https://www.idealista.com/inmueble/109237730/
deusto,https://www.idealista.com/inmueble/109191209/
deusto,https://www.idealista.com/inmueble/102494642/
deusto,https://www.idealista.com/inmueble/98740947/
deusto,https://www.idealista.com/inmueble/108746339/
deusto,https://www.idealista.com/inmueble/106993005/
deusto,https://www.idealista.com/inmueble/106993032/
deusto,https://www.idealista.com/inmueble/106993141/
deusto,https://www.idealista.com/inmueble/106993139/
deusto,https://www.idealista.com/inmueble/106993140/
deusto,https://www.idealista.com/inmueble/106993143/
deusto,https://www.idealista.com/inmueble/106993138/
deusto,https://www.idealista.com/inmueble/107151456/
deusto,https://www.idealista.com/inmueble/104175500/
deusto,https://www.idealista.com/inmueble/106596877/
deusto,https://www.idealista.com/inmueble/107151440/
deusto,https://www.idealista.com/inmueble/108079301/
deusto,https://www.idealista.com/inmueble/107487477/
deusto,https://www.idealista.com/inmueble/107487504/
deusto,https://www.idealista.com/inmueble/107487594/
deusto,https://www.idealista.com/inmueble/108079379/
deusto,https://www.idealista.com/inmueble/107487505/
deusto,https://www.idealista.com/inmueble/107487415/
deusto,https://www.idealista.com/inmueble/109384768/
deusto,https://www.idealista.com/inmueble/108788498/
deusto,https://www.idealista.com/inmueble/108335900/
deusto,https://www.idealista.com/inmueble/108335899/
deusto,https://www.idealista.com/inmueble/108335925/
deusto,https://www.idealista.com/inmueble/108335912/
deusto,https://www.idealista.com/inmueble/108335924/
deusto,https://www.idealista.com/inmueble/106600875/
deusto,https://www.idealista.com/inmueble/109153291/
deusto,https://www.idealista.com/inmueble/109337060/
deusto,https://www.idealista.com/inmueble/109186782/
deusto,https://www.idealista.com/inmueble/109218490/
deusto,https://www.idealista.com/inmueble/108748919/
deusto,https://www.idealista.com/inmueble/108748921/
deusto,https://www.idealista.com/inmueble/109103488/
deusto,https://www.idealista.com/inmueble/100170789/
deusto,https://www.idealista.com/inmueble/106790535/
deusto,https://www.idealista.com/inmueble/109196446/
deusto,https://www.idealista.com/inmueble/107257329/
deusto,https://www.idealista.com/inmueble/106517920/
deusto,https://www.idealista.com/inmueble/109134478/
deusto,https://www.idealista.com/inmueble/106308926/
deusto,https://www.idealista.com/inmueble/109315783/
deusto,https://www.idealista.com/inmueble/109265992/
deusto,https://www.idealista.com/inmueble/103176096/
deusto,https://www.idealista.com/inmueble/109129704/
deusto,https://www.idealista.com/inmueble/109261460/
deusto,https://www.idealista.com/inmueble/109025155/
deusto,https://www.idealista.com/inmueble/107166029/
deusto,https://www.idealista.com/inmueble/108396564/
deusto,https://www.idealista.com/inmueble/109327477/
deusto,https://www.idealista.com/inmueble/109159800/
deusto,https://www.idealista.com/inmueble/108879927/
deusto,https://www.idealista.com/inmueble/108599763/
deusto,https://www.idealista.com/inmueble/109337252/
deusto,https://www.idealista.com/inmueble/107910726/
deusto,https://www.idealista.com/inmueble/108520857/
deusto,https://www.idealista.com/inmueble/107598021/
deusto,https://www.idealista.com/inmueble/108492917/
deusto,https://www.idealista.com/inmueble/108618736/
deusto,https://www.idealista.com/inmueble/108519774/
deusto,https://www.idealista.com/inmueble/109147908/
deusto,https://www.idealista.com/inmueble/108779911/
deusto,https://www.idealista.com/inmueble/109191625/
deusto,https://www.idealista.com/inmueble/108304676/
deusto,https://www.idealista.com/inmueble/107163042/
deusto,https://www.idealista.com/inmueble/108652256/
deusto,https://www.idealista.com/inmueble/108523008/
deusto,https://www.idealista.com/inmueble/83189354/
deusto,https://www.idealista.com/inmueble/108715085/
uribarri,https://www.idealista.com/inmueble/109231286/
uribarri,https://www.idealista.com/inmueble/107873432/
uribarri,https://www.idealista.com/inmueble/109262432/
uribarri,https://www.idealista.com/inmueble/109239888/
uribarri,https://www.idealista.com/inmueble/108331757/
uribarri,https://www.idealista.com/inmueble/108710636/
uribarri,https://www.idealista.com/inmueble/109164167/
uribarri,https://www.idealista.com/inmueble/107152205/
uribarri,https://www.idealista.com/inmueble/107909983/
uribarri,https://www.idealista.com/inmueble/108332300/
uribarri,https://www.idealista.com/inmueble/108377439/
uribarri,https://www.idealista.com/inmueble/106210271/
uribarri,https://www.idealista.com/inmueble/97099845/
uribarri,https://www.idealista.com/inmueble/108153497/
uribarri,https://www.idealista.com/inmueble/107023759/
uribarri,https://www.idealista.com/inmueble/108421719/
uribarri,https://www.idealista.com/inmueble/107045561/
uribarri,https://www.idealista.com/inmueble/109408960/
uribarri,https://www.idealista.com/inmueble/107792608/
uribarri,https://www.idealista.com/inmueble/109410429/
uribarri,https://www.idealista.com/inmueble/100748875/
uribarri,https://www.idealista.com/inmueble/105499678/
uribarri,https://www.idealista.com/inmueble/105241536/
uribarri,https://www.idealista.com/inmueble/108096110/
uribarri,https://www.idealista.com/inmueble/104695607/
uribarri,https://www.idealista.com/inmueble/105222282/
uribarri,https://www.idealista.com/inmueble/103062551/
uribarri,https://www.idealista.com/inmueble/108153479/
uribarri,https://www.idealista.com/inmueble/107648047/
uribarri,https://www.idealista.com/inmueble/109258657/
uribarri,https://www.idealista.com/inmueble/108786226/
uribarri,https://www.idealista.com/inmueble/108298472/
uribarri,https://www.idealista.com/inmueble/106973867/
uribarri,https://www.idealista.com/inmueble/107909455/
uribarri,https://www.idealista.com/inmueble/107533020/
uribarri,https://www.idealista.com/inmueble/108421710/
uribarri,https://www.idealista.com/inmueble/108180593/
uribarri,https://www.idealista.com/inmueble/108262298/
uribarri,https://www.idealista.com/inmueble/106813771/
uribarri,https://www.idealista.com/inmueble/106290757/
uribarri,https://www.idealista.com/inmueble/109311325/
uribarri,https://www.idealista.com/inmueble/101476379/
uribarri,https://www.idealista.com/inmueble/108037734/
uribarri,https://www.idealista.com/inmueble/104807781/
uribarri,https://www.idealista.com/inmueble/29027128/
uribarri,https://www.idealista.com/inmueble/108880262/
uribarri,https://www.idealista.com/inmueble/109342157/
uribarri,https://www.idealista.com/inmueble/109149155/
uribarri,https://www.idealista.com/inmueble/108826829/
uribarri,https://www.idealista.com/inmueble/108035998/
uribarri,https://www.idealista.com/inmueble/107799484/
uribarri,https://www.idealista.com/inmueble/108947762/
uribarri,https://www.idealista.com/inmueble/108995362/
uribarri,https://www.idealista.com/inmueble/108729873/
uribarri,https://www.idealista.com/inmueble/107807490/
uribarri,https://www.idealista.com/inmueble/109255201/
uribarri,https://www.idealista.com/inmueble/108558302/
uribarri,https://www.idealista.com/inmueble/109341553/
uribarri,https://www.idealista.com/inmueble/107729630/
uribarri,https://www.idealista.com/inmueble/108480964/
uribarri,https://www.idealista.com/inmueble/104435844/
uribarri,https://www.idealista.com/inmueble/108037499/
uribarri,https://www.idealista.com/inmueble/108319610/
uribarri,https://www.idealista.com/inmueble/97104759/
uribarri,https://www.idealista.com/inmueble/108661554/
uribarri,https://www.idealista.com/inmueble/108347223/
uribarri,https://www.idealista.com/inmueble/99262314/
uribarri,https://www.idealista.com/inmueble/107885688/
uribarri,https://www.idealista.com/inmueble/109093131/
uribarri,https://www.idealista.com/inmueble/107749665/
uribarri,https://www.idealista.com/inmueble/104180566/
uribarri,https://www.idealista.com/inmueble/109403265/
uribarri,https://www.idealista.com/inmueble/109403295/
uribarri,https://www.idealista.com/inmueble/109409158/
uribarri,https://www.idealista.com/inmueble/109366394/
uribarri,https://www.idealista.com/inmueble/109361360/
uribarri,https://www.idealista.com/inmueble/109373079/
uribarri,https://www.idealista.com/inmueble/109374648/
uribarri,https://www.idealista.com/inmueble/109406245/
uribarri,https://www.idealista.com/inmueble/109410580/
uribarri,https://www.idealista.com/inmueble/109368820/
uribarri,https://www.idealista.com/inmueble/109360982/
uribarri,https://www.idealista.com/inmueble/109330814/
uribarri,https://www.idealista.com/inmueble/103399211/
uribarri,https://www.idealista.com/inmueble/107884692/
uribarri,https://www.idealista.com/inmueble/109397142/
uribarri,https://www.idealista.com/inmueble/108527889/
uribarri,https://www.idealista.com/inmueble/108591462/
uribarri,https://www.idealista.com/inmueble/108831829/
uribarri,https://www.idealista.com/inmueble/109392402/
uribarri,https://www.idealista.com/inmueble/109199353/
uribarri,https://www.idealista.com/inmueble/109398277/
uribarri,https://www.idealista.com/inmueble/109205618/
uribarri,https://www.idealista.com/inmueble/109266225/
uribarri,https://www.idealista.com/inmueble/109253542/
uribarri,https://www.idealista.com/inmueble/108123280/
uribarri,https://www.idealista.com/inmueble/106370887/
uribarri,https://www.idealista.com/inmueble/108960678/
uribarri,https://www.idealista.com/inmueble/109217292/
uribarri,https://www.idealista.com/inmueble/108774277/
uribarri,https://www.idealista.com/inmueble/109169428/
uribarri,https://www.idealista.com/inmueble/109196447/
uribarri,https://www.idealista.com/inmueble/108879582/
uribarri,https://www.idealista.com/inmueble/108284143/
uribarri,https://www.idealista.com/inmueble/108410167/
uribarri,https://www.idealista.com/inmueble/107603981/
uribarri,https://www.idealista.com/inmueble/107987603/
uribarri,https://www.idealista.com/inmueble/108651166/
uribarri,https://www.idealista.com/inmueble/108652276/
uribarri,https://www.idealista.com/inmueble/109233238/
uribarri,https://www.idealista.com/inmueble/108651150/
uribarri,https://www.idealista.com/inmueble/109249876/
uribarri,https://www.idealista.com/inmueble/32760790/
uribarri,https://www.idealista.com/inmueble/108652588/
uribarri,https://www.idealista.com/inmueble/108632703/
uribarri,https://www.idealista.com/inmueble/107596698/
uribarri,https://www.idealista.com/inmueble/108478218/
uribarri,https://www.idealista.com/inmueble/108081203/
uribarri,https://www.idealista.com/inmueble/108248661/
uribarri,https://www.idealista.com/inmueble/81519206/
uribarri,https://www.idealista.com/inmueble/108248661/
uribarri,https://www.idealista.com/inmueble/107846459/
uribarri,https://www.idealista.com/inmueble/84521261/
uribarri,https://www.idealista.com/inmueble/109017846/
uribarri,https://www.idealista.com/inmueble/108655982/
uribarri,https://www.idealista.com/inmueble/108651151/
uribarri,https://www.idealista.com/inmueble/107492189/
uribarri,https://www.idealista.com/inmueble/109311720/
uribarri,https://www.idealista.com/inmueble/109305432/
uribarri,https://www.idealista.com/inmueble/107669979/
uribarri,https://www.idealista.com/inmueble/105802571/
uribarri,https://www.idealista.com/inmueble/38907764/
uribarri,https://www.idealista.com/inmueble/108518410/
uribarri,https://www.idealista.com/inmueble/108314377/
uribarri,https://www.idealista.com/inmueble/106903859/
uribarri,https://www.idealista.com/inmueble/27260490/
otxarkoaga-txurdinaga,https://www.idealista.com/inmueble/109405306/
otxarkoaga-txurdinaga,https://www.idealista.com/inmueble/109405944/
otxarkoaga-txurdinaga,https://www.idealista.com/inmueble/109303604/
otxarkoaga-txurdinaga,https://www.idealista.com/inmueble/109185083/
otxarkoaga-txurdinaga,https://www.idealista.com/inmueble/109362396/
otxarkoaga-txurdinaga,https://www.idealista.com/inmueble/109177069/
otxarkoaga-txurdinaga,https://www.idealista.com/inmueble/107261140/
otxarkoaga-txurdinaga,https://www.idealista.com/inmueble/108351737/
otxarkoaga-txurdinaga,https://www.idealista.com/inmueble/109134260/
otxarkoaga-txurdinaga,https://www.idealista.com/inmueble/104990963/
otxarkoaga-txurdinaga,https://www.idealista.com/inmueble/109405585/
otxarkoaga-txurdinaga,https://www.idealista.com/inmueble/109007126/
otxarkoaga-txurdinaga,https://www.idealista.com/inmueble/109007160/
otxarkoaga-txurdinaga,https://www.idealista.com/inmueble/108969986/
otxarkoaga-txurdinaga,https://www.idealista.com/inmueble/109384911/
otxarkoaga-txurdinaga,https://www.idealista.com/inmueble/109007219/
otxarkoaga-txurdinaga,https://www.idealista.com/inmueble/109007199/
otxarkoaga-txurdinaga,https://www.idealista.com/inmueble/109007293/
otxarkoaga-txurdinaga,https://www.idealista.com/inmueble/108970112/
otxarkoaga-txurdinaga,https://www.idealista.com/inmueble/108970150/
otxarkoaga-txurdinaga,https://www.idealista.com/inmueble/108970102/
otxarkoaga-txurdinaga,https://www.idealista.com/inmueble/109004365/
otxarkoaga-txurdinaga,https://www.idealista.com/inmueble/109242589/
otxarkoaga-txurdinaga,https://www.idealista.com/inmueble/109007204/
otxarkoaga-txurdinaga,https://www.idealista.com/inmueble/108997616/
otxarkoaga-txurdinaga,https://www.idealista.com/inmueble/97461275/
otxarkoaga-txurdinaga,https://www.idealista.com/inmueble/109013973/
otxarkoaga-txurdinaga,https://www.idealista.com/inmueble/107411836/
otxarkoaga-txurdinaga,https://www.idealista.com/inmueble/106218481/
otxarkoaga-txurdinaga,https://www.idealista.com/inmueble/109219349/
otxarkoaga-txurdinaga,https://www.idealista.com/inmueble/108556348/
otxarkoaga-txurdinaga,https://www.idealista.com/inmueble/108957182/
otxarkoaga-txurdinaga,https://www.idealista.com/inmueble/108060003/
otxarkoaga-txurdinaga,https://www.idealista.com/inmueble/105518148/
otxarkoaga-txurdinaga,https://www.idealista.com/inmueble/106915671/
otxarkoaga-txurdinaga,https://www.idealista.com/inmueble/107608811/
basurto-zorroza,https://www.idealista.com/inmueble/108710421/
basurto-zorroza,https://www.idealista.com/inmueble/108508949/
basurto-zorroza,https://www.idealista.com/inmueble/108181700/
basurto-zorroza,https://www.idealista.com/inmueble/109265861/
basurto-zorroza,https://www.idealista.com/inmueble/109371604/
basurto-zorroza,https://www.idealista.com/inmueble/109279652/
basurto-zorroza,https://www.idealista.com/inmueble/109354922/
basurto-zorroza,https://www.idealista.com/inmueble/109385423/
basurto-zorroza,https://www.idealista.com/inmueble/108898979/
basurto-zorroza,https://www.idealista.com/inmueble/108995409/
basurto-zorroza,https://www.idealista.com/inmueble/108270984/
basurto-zorroza,https://www.idealista.com/inmueble/109219916/
basurto-zorroza,https://www.idealista.com/inmueble/109168646/
basurto-zorroza,https://www.idealista.com/inmueble/108271061/
basurto-zorroza,https://www.idealista.com/inmueble/109279146/
basurto-zorroza,https://www.idealista.com/inmueble/108114976/
basurto-zorroza,https://www.idealista.com/inmueble/107897933/
basurto-zorroza,https://www.idealista.com/inmueble/108681971/
basurto-zorroza,https://www.idealista.com/inmueble/108259600/
basurto-zorroza,https://www.idealista.com/inmueble/108677854/
basurto-zorroza,https://www.idealista.com/inmueble/107687767/
basurto-zorroza,https://www.idealista.com/inmueble/107687784/
basurto-zorroza,https://www.idealista.com/inmueble/107687771/
basurto-zorroza,https://www.idealista.com/inmueble/109245161/
basurto-zorroza,https://www.idealista.com/inmueble/109245548/
basurto-zorroza,https://www.idealista.com/inmueble/109245415/
basurto-zorroza,https://www.idealista.com/inmueble/109244701/
basurto-zorroza,https://www.idealista.com/inmueble/109245258/
basurto-zorroza,https://www.idealista.com/inmueble/109245323/
basurto-zorroza,https://www.idealista.com/inmueble/109255137/
basurto-zorroza,https://www.idealista.com/inmueble/109373142/
basurto-zorroza,https://www.idealista.com/inmueble/109371130/
basurto-zorroza,https://www.idealista.com/inmueble/108682093/
basurto-zorroza,https://www.idealista.com/inmueble/108305165/
basurto-zorroza,https://www.idealista.com/inmueble/109266048/
basurto-zorroza,https://www.idealista.com/inmueble/109220955/
basurto-zorroza,https://www.idealista.com/inmueble/108032933/
basurto-zorroza,https://www.idealista.com/inmueble/109200011/
basurto-zorroza,https://www.idealista.com/inmueble/109338176/
basurto-zorroza,https://www.idealista.com/inmueble/109197134/
basurto-zorroza,https://www.idealista.com/inmueble/109311858/
basurto-zorroza,https://www.idealista.com/inmueble/107975259/
basurto-zorroza,https://www.idealista.com/inmueble/107219726/
basurto-zorroza,https://www.idealista.com/inmueble/106191567/
basurto-zorroza,https://www.idealista.com/inmueble/108210336/
basurto-zorroza,https://www.idealista.com/inmueble/108219278/
basurto-zorroza,https://www.idealista.com/inmueble/108833575/
basurto-zorroza,https://www.idealista.com/inmueble/107152705/
basurto-zorroza,https://www.idealista.com/inmueble/108688573/
basurto-zorroza,https://www.idealista.com/inmueble/108792045/
basurto-zorroza,https://www.idealista.com/inmueble/108856731/
basurto-zorroza,https://www.idealista.com/inmueble/108688498/
basurto-zorroza,https://www.idealista.com/inmueble/107819162/
basurto-zorroza,https://www.idealista.com/inmueble/109327283/
basurto-zorroza,https://www.idealista.com/inmueble/109221404/
basurto-zorroza,https://www.idealista.com/inmueble/108159177/
basurto-zorroza,https://www.idealista.com/inmueble/109249448/
basurto-zorroza,https://www.idealista.com/inmueble/109305013/
basurto-zorroza,https://www.idealista.com/inmueble/108618957/
basurto-zorroza,https://www.idealista.com/inmueble/108282224/
basurto-zorroza,https://www.idealista.com/inmueble/108538578/
basurto-zorroza,https://www.idealista.com/inmueble/107778014/
basurto-zorroza,https://www.idealista.com/inmueble/107309752/
basurto-zorroza,https://www.idealista.com/inmueble/108354099/
basurto-zorroza,https://www.idealista.com/inmueble/108354119/
basurto-zorroza,https://www.idealista.com/inmueble/108354121/
basurto-zorroza,https://www.idealista.com/inmueble/108354014/
basurto-zorroza,https://www.idealista.com/inmueble/107687802/
basurto-zorroza,https://www.idealista.com/inmueble/108354129/
basurto-zorroza,https://www.idealista.com/inmueble/109354155/
basurto-zorroza,https://www.idealista.com/inmueble/98975768/
basurto-zorroza,https://www.idealista.com/inmueble/109354654/
basurto-zorroza,https://www.idealista.com/inmueble/108752200/
basurto-zorroza,https://www.idealista.com/inmueble/106698659/
basurto-zorroza,https://www.idealista.com/inmueble/98975712/
basurto-zorroza,https://www.idealista.com/inmueble/98975711/
basurto-zorroza,https://www.idealista.com/inmueble/98975767/
basurto-zorroza,https://www.idealista.com/inmueble/98975694/
basurto-zorroza,https://www.idealista.com/inmueble/98975684/
basurto-zorroza,https://www.idealista.com/inmueble/109369018/
basurto-zorroza,https://www.idealista.com/inmueble/109260671/
basurto-zorroza,https://www.idealista.com/inmueble/109198410/
basurto-zorroza,https://www.idealista.com/inmueble/109338397/
basurto-zorroza,https://www.idealista.com/inmueble/109353824/
basurto-zorroza,https://www.idealista.com/inmueble/109346044/
basurto-zorroza,https://www.idealista.com/inmueble/107676504/
basurto-zorroza,https://www.idealista.com/inmueble/109335895/
basurto-zorroza,https://www.idealista.com/inmueble/104094018/
basurto-zorroza,https://www.idealista.com/inmueble/109198213/
basurto-zorroza,https://www.idealista.com/inmueble/109167704/
basurto-zorroza,https://www.idealista.com/inmueble/109247439/
basurto-zorroza,https://www.idealista.com/inmueble/99414850/
basurto-zorroza,https://www.idealista.com/inmueble/107741878/
basurto-zorroza,https://www.idealista.com/inmueble/109003942/
basurto-zorroza,https://www.idealista.com/inmueble/108008777/
basurto-zorroza,https://www.idealista.com/inmueble/108731400/
basurto-zorroza,https://www.idealista.com/inmueble/109319021/
basurto-zorroza,https://www.idealista.com/inmueble/109329798/
basurto-zorroza,https://www.idealista.com/inmueble/108984034/
basurto-zorroza,https://www.idealista.com/inmueble/109310954/
basurto-zorroza,https://www.idealista.com/inmueble/109166371/
basurto-zorroza,https://www.idealista.com/inmueble/109217361/
basurto-zorroza,https://www.idealista.com/inmueble/108729177/
basurto-zorroza,https://www.idealista.com/inmueble/108719965/
basurto-zorroza,https://www.idealista.com/inmueble/108884242/
basurto-zorroza,https://www.idealista.com/inmueble/92542395/
basurto-zorroza,https://www.idealista.com/inmueble/108717481/
basurto-zorroza,https://www.idealista.com/inmueble/108718608/
basurto-zorroza,https://www.idealista.com/inmueble/108545873/
basurto-zorroza,https://www.idealista.com/inmueble/109150769/
basurto-zorroza,https://www.idealista.com/inmueble/109265776/
basurto-zorroza,https://www.idealista.com/inmueble/106134385/
basurto-zorroza,https://www.idealista.com/inmueble/108958980/
basurto-zorroza,https://www.idealista.com/inmueble/109312058/
basurto-zorroza,https://www.idealista.com/inmueble/109310818/
basurto-zorroza,https://www.idealista.com/inmueble/107983048/
basurto-zorroza,https://www.idealista.com/inmueble/108763105/
basurto-zorroza,https://www.idealista.com/inmueble/108837580/
basurto-zorroza,https://www.idealista.com/inmueble/108724141/
basurto-zorroza,https://www.idealista.com/inmueble/109331901/
basurto-zorroza,https://www.idealista.com/inmueble/109215710/
basurto-zorroza,https://www.idealista.com/inmueble/109199724/
basurto-zorroza,https://www.idealista.com/inmueble/107630854/
basurto-zorroza,https://www.idealista.com/inmueble/108795017/
basurto-zorroza,https://www.idealista.com/inmueble/108836259/
basurto-zorroza,https://www.idealista.com/inmueble/108028876/
basurto-zorroza,https://www.idealista.com/inmueble/108719296/
basurto-zorroza,https://www.idealista.com/inmueble/108254929/
basurto-zorroza,https://www.idealista.com/inmueble/108644872/
basurto-zorroza,https://www.idealista.com/inmueble/106150509/
basurto-zorroza,https://www.idealista.com/inmueble/108724261/
basurto-zorroza,https://www.idealista.com/inmueble/108382420/
basurto-zorroza,https://www.idealista.com/inmueble/108306271/
basurto-zorroza,https://www.idealista.com/inmueble/108724087/
basurto-zorroza,https://www.idealista.com/inmueble/106658964/
basurto-zorroza,https://www.idealista.com/inmueble/102917625/
basurto-zorroza,https://www.idealista.com/inmueble/108659198/
basurto-zorroza,https://www.idealista.com/inmueble/108120765/
basurto-zorroza,https://www.idealista.com/inmueble/109125494/
basurto-zorroza,https://www.idealista.com/inmueble/105259201/
basurto-zorroza,https://www.idealista.com/inmueble/106470155/
basurto-zorroza,https://www.idealista.com/inmueble/108265528/
basurto-zorroza,https://www.idealista.com/inmueble/108510020/
basurto-zorroza,https://www.idealista.com/inmueble/107578848/
basurto-zorroza,https://www.idealista.com/inmueble/1884536/
basurto-zorroza,https://www.idealista.com/inmueble/108706041/
basurto-zorroza,https://www.idealista.com/inmueble/108431212/
basurto-zorroza,https://www.idealista.com/inmueble/109065709/
basurto-zorroza,https://www.idealista.com/inmueble/104749832/
basurto-zorroza,https://www.idealista.com/inmueble/86685509/
basurto-zorroza,https://www.idealista.com/inmueble/107445167/
abando-albia,https://www.idealista.com/inmueble/109402255/
abando-albia,https://www.idealista.com/inmueble/107372950/
abando-albia,https://www.idealista.com/inmueble/108488824/
abando-albia,https://www.idealista.com/inmueble/108491640/
abando-albia,https://www.idealista.com/inmueble/108548224/
abando-albia,https://www.idealista.com/inmueble/107699004/
abando-albia,https://www.idealista.com/inmueble/100445020/
abando-albia,https://www.idealista.com/inmueble/106363434/
abando-albia,https://www.idealista.com/inmueble/108532633/
abando-albia,https://www.idealista.com/pro/atehome/venta-viviendas/bilbao/abando-albia/
abando-albia,https://www.idealista.com/inmueble/108307699/
abando-albia,https://www.idealista.com/inmueble/107686757/
abando-albia,https://www.idealista.com/inmueble/105883082/
abando-albia,https://www.idealista.com/inmueble/109312084/
abando-albia,https://www.idealista.com/inmueble/109360536/
abando-albia,https://www.idealista.com/inmueble/108944454/
abando-albia,https://www.idealista.com/inmueble/107891514/
abando-albia,https://www.idealista.com/inmueble/109330113/
abando-albia,https://www.idealista.com/inmueble/108338003/
abando-albia,https://www.idealista.com/inmueble/108679678/
abando-albia,https://www.idealista.com/inmueble/108266422/
abando-albia,https://www.idealista.com/inmueble/91356058/
abando-albia,https://www.idealista.com/inmueble/108246788/
abando-albia,https://www.idealista.com/inmueble/109333602/
abando-albia,https://www.idealista.com/inmueble/109359877/
abando-albia,https://www.idealista.com/inmueble/108239704/
abando-albia,https://www.idealista.com/inmueble/106215107/
abando-albia,https://www.idealista.com/inmueble/108664523/
abando-albia,https://www.idealista.com/inmueble/109154514/
abando-albia,https://www.idealista.com/inmueble/107849920/
abando-albia,https://www.idealista.com/inmueble/109238515/
abando-albia,https://www.idealista.com/inmueble/109295287/
abando-albia,https://www.idealista.com/inmueble/108844792/
abando-albia,https://www.idealista.com/inmueble/109324741/
abando-albia,https://www.idealista.com/inmueble/109252732/
abando-albia,https://www.idealista.com/inmueble/106814159/
abando-albia,https://www.idealista.com/inmueble/107945993/
abando-albia,https://www.idealista.com/inmueble/109296322/
abando-albia,https://www.idealista.com/inmueble/108960639/
abando-albia,https://www.idealista.com/inmueble/104384938/
abando-albia,https://www.idealista.com/inmueble/107290010/
abando-albia,https://www.idealista.com/inmueble/101937336/
abando-albia,https://www.idealista.com/inmueble/108100943/
abando-albia,https://www.idealista.com/inmueble/107474688/
abando-albia,https://www.idealista.com/inmueble/109179718/
abando-albia,https://www.idealista.com/inmueble/107153756/
abando-albia,https://www.idealista.com/inmueble/108595796/
abando-albia,https://www.idealista.com/inmueble/106542465/
abando-albia,https://www.idealista.com/inmueble/105961144/
abando-albia,https://www.idealista.com/inmueble/105712237/
abando-albia,https://www.idealista.com/inmueble/108229997/
abando-albia,https://www.idealista.com/inmueble/109404951/
abando-albia,https://www.idealista.com/inmueble/108279516/
abando-albia,https://www.idealista.com/inmueble/106069092/
abando-albia,https://www.idealista.com/inmueble/104927180/
abando-albia,https://www.idealista.com/inmueble/108812678/
abando-albia,https://www.idealista.com/inmueble/107625611/
abando-albia,https://www.idealista.com/inmueble/105451679/
abando-albia,https://www.idealista.com/inmueble/108971243/
abando-albia,https://www.idealista.com/inmueble/107298648/
abando-albia,https://www.idealista.com/inmueble/108632857/
abando-albia,https://www.idealista.com/inmueble/109304548/
abando-albia,https://www.idealista.com/inmueble/109409367/
abando-albia,https://www.idealista.com/inmueble/109404432/
abando-albia,https://www.idealista.com/inmueble/108798710/
abando-albia,https://www.idealista.com/inmueble/108265674/
abando-albia,https://www.idealista.com/inmueble/109147598/
abando-albia,https://www.idealista.com/inmueble/109337742/
abando-albia,https://www.idealista.com/inmueble/104066153/
abando-albia,https://www.idealista.com/inmueble/108316535/
abando-albia,https://www.idealista.com/pro/atehome/venta-viviendas/bilbao/abando-albia/
abando-albia,https://www.idealista.com/inmueble/108747158/
abando-albia,https://www.idealista.com/inmueble/108566263/
abando-albia,https://www.idealista.com/inmueble/108748572/
abando-albia,https://www.idealista.com/inmueble/108786638/
abando-albia,https://www.idealista.com/inmueble/107696144/
abando-albia,https://www.idealista.com/inmueble/109367718/
abando-albia,https://www.idealista.com/inmueble/109359995/
abando-albia,https://www.idealista.com/inmueble/109180457/
abando-albia,https://www.idealista.com/inmueble/109359474/
abando-albia,https://www.idealista.com/inmueble/106623654/
abando-albia,https://www.idealista.com/inmueble/108730746/
abando-albia,https://www.idealista.com/inmueble/108656034/
abando-albia,https://www.idealista.com/inmueble/108800248/
abando-albia,https://www.idealista.com/inmueble/96457934/
abando-albia,https://www.idealista.com/inmueble/108089930/
abando-albia,https://www.idealista.com/inmueble/97796114/
abando-albia,https://www.idealista.com/inmueble/108699104/
abando-albia,https://www.idealista.com/inmueble/108566239/
abando-albia,https://www.idealista.com/inmueble/108323880/
abando-albia,https://www.idealista.com/inmueble/100395657/
abando-albia,https://www.idealista.com/inmueble/108220602/
abando-albia,https://www.idealista.com/inmueble/108220602/
abando-albia,https://www.idealista.com/inmueble/108782688/
abando-albia,https://www.idealista.com/inmueble/106660621/
abando-albia,https://www.idealista.com/inmueble/108600814/
abando-albia,https://www.idealista.com/inmueble/100446196/
abando-albia,https://www.idealista.com/inmueble/107252250/
abando-albia,https://www.idealista.com/inmueble/107335309/
abando-albia,https://www.idealista.com/inmueble/106377519/
abando-albia,https://www.idealista.com/inmueble/107149452/
abando-albia,https://www.idealista.com/inmueble/109316591/
abando-albia,https://www.idealista.com/inmueble/96127304/
abando-albia,https://www.idealista.com/inmueble/108554112/
abando-albia,https://www.idealista.com/inmueble/108336190/
abando-albia,https://www.idealista.com/inmueble/98073291/
abando-albia,https://www.idealista.com/inmueble/97758619/
abando-albia,https://www.idealista.com/inmueble/108763200/
abando-albia,https://www.idealista.com/inmueble/109335466/
abando-albia,https://www.idealista.com/inmueble/109310934/
abando-albia,https://www.idealista.com/inmueble/108663861/
abando-albia,https://www.idealista.com/inmueble/108333477/
abando-albia,https://www.idealista.com/inmueble/109396283/
abando-albia,https://www.idealista.com/inmueble/108994093/
abando-albia,https://www.idealista.com/inmueble/106192883/
abando-albia,https://www.idealista.com/inmueble/105090789/
abando-albia,https://www.idealista.com/inmueble/108730500/
abando-albia,https://www.idealista.com/inmueble/107835049/
abando-albia,https://www.idealista.com/inmueble/103414212/
abando-albia,https://www.idealista.com/inmueble/109221624/
abando-albia,https://www.idealista.com/inmueble/109152226/
abando-albia,https://www.idealista.com/inmueble/98413651/
abando-albia,https://www.idealista.com/inmueble/98413651/
abando-albia,https://www.idealista.com/inmueble/97809915/
abando-albia,https://www.idealista.com/inmueble/108013898/
abando-albia,https://www.idealista.com/inmueble/109349282/
abando-albia,https://www.idealista.com/inmueble/108638790/
abando-albia,https://www.idealista.com/inmueble/108658983/
abando-albia,https://www.idealista.com/inmueble/107035239/
abando-albia,https://www.idealista.com/inmueble/109286606/
abando-albia,https://www.idealista.com/inmueble/108222463/
abando-albia,https://www.idealista.com/pro/atehome/venta-viviendas/bilbao/abando-albia/
abando-albia,https://www.idealista.com/inmueble/108204927/
abando-albia,https://www.idealista.com/inmueble/109133179/
abando-albia,https://www.idealista.com/inmueble/108771792/
abando-albia,https://www.idealista.com/inmueble/108342170/
abando-albia,https://www.idealista.com/inmueble/106845386/
abando-albia,https://www.idealista.com/inmueble/100221747/
abando-albia,https://www.idealista.com/inmueble/109306149/
abando-albia,https://www.idealista.com/inmueble/107100389/
abando-albia,https://www.idealista.com/inmueble/108342052/
abando-albia,https://www.idealista.com/inmueble/109318910/
abando-albia,https://www.idealista.com/inmueble/109190091/
abando-albia,https://www.idealista.com/inmueble/108311546/
abando-albia,https://www.idealista.com/inmueble/108280690/
abando-albia,https://www.idealista.com/inmueble/109225777/
abando-albia,https://www.idealista.com/inmueble/109212497/
abando-albia,https://www.idealista.com/inmueble/108299500/
abando-albia,https://www.idealista.com/inmueble/109388966/
abando-albia,https://www.idealista.com/inmueble/107760502/
abando-albia,https://www.idealista.com/inmueble/109322005/
abando-albia,https://www.idealista.com/inmueble/108076272/
abando-albia,https://www.idealista.com/inmueble/108205006/
abando-albia,https://www.idealista.com/inmueble/109217866/
abando-albia,https://www.idealista.com/inmueble/108409569/
abando-albia,https://www.idealista.com/inmueble/109413310/
abando-albia,https://www.idealista.com/inmueble/105179072/
abando-albia,https://www.idealista.com/inmueble/109408965/
abando-albia,https://www.idealista.com/inmueble/109406941/
abando-albia,https://www.idealista.com/inmueble/109402635/
abando-albia,https://www.idealista.com/inmueble/107542478/
abando-albia,https://www.idealista.com/inmueble/107447251/
abando-albia,https://www.idealista.com/inmueble/103884000/
abando-albia,https://www.idealista.com/inmueble/109309678/
abando-albia,https://www.idealista.com/inmueble/104005266/
abando-albia,https://www.idealista.com/inmueble/104005267/
abando-albia,https://www.idealista.com/inmueble/109405715/
abando-albia,https://www.idealista.com/inmueble/108173143/
abando-albia,https://www.idealista.com/inmueble/100142338/
abando-albia,https://www.idealista.com/inmueble/109404283/
abando-albia,https://www.idealista.com/inmueble/107946962/
abando-albia,https://www.idealista.com/inmueble/109318622/
abando-albia,https://www.idealista.com/inmueble/109361200/
abando-albia,https://www.idealista.com/inmueble/109215763/
abando-albia,https://www.idealista.com/inmueble/108319218/
abando-albia,https://www.idealista.com/inmueble/100440163/
abando-albia,https://www.idealista.com/inmueble/108236941/
abando-albia,https://www.idealista.com/inmueble/108287658/
abando-albia,https://www.idealista.com/inmueble/109351819/
abando-albia,https://www.idealista.com/inmueble/108757640/
abando-albia,https://www.idealista.com/inmueble/93977157/
abando-albia,https://www.idealista.com/inmueble/104964760/
abando-albia,https://www.idealista.com/inmueble/108325589/
abando-albia,https://www.idealista.com/inmueble/104320258/
abando-albia,https://www.idealista.com/inmueble/106361326/
abando-albia,https://www.idealista.com/inmueble/106157662/
abando-albia,https://www.idealista.com/inmueble/108435646/
abando-albia,https://www.idealista.com/inmueble/105886664/
abando-albia,https://www.idealista.com/inmueble/109124812/
abando-albia,https://www.idealista.com/inmueble/108255219/
abando-albia,https://www.idealista.com/inmueble/98802258/
abando-albia,https://www.idealista.com/inmueble/108641444/
abando-albia,https://www.idealista.com/pro/atehome/venta-viviendas/bilbao/abando-albia/
abando-albia,https://www.idealista.com/inmueble/107542045/
abando-albia,https://www.idealista.com/inmueble/108181635/
abando-albia,https://www.idealista.com/inmueble/109198065/
abando-albia,https://www.idealista.com/inmueble/98309411/
abando-albia,https://www.idealista.com/inmueble/109332895/
abando-albia,https://www.idealista.com/inmueble/109379242/
abando-albia,https://www.idealista.com/inmueble/108539380/
abando-albia,https://www.idealista.com/inmueble/109341658/
abando-albia,https://www.idealista.com/inmueble/109301875/
abando-albia,https://www.idealista.com/inmueble/106172373/
abando-albia,https://www.idealista.com/inmueble/108488903/
abando-albia,https://www.idealista.com/inmueble/109310024/
abando-albia,https://www.idealista.com/inmueble/109350021/
abando-albia,https://www.idealista.com/inmueble/109360146/
abando-albia,https://www.idealista.com/inmueble/108373946/
abando-albia,https://www.idealista.com/inmueble/108509870/
abando-albia,https://www.idealista.com/inmueble/109219703/
abando-albia,https://www.idealista.com/inmueble/109212334/
abando-albia,https://www.idealista.com/inmueble/106472404/
abando-albia,https://www.idealista.com/inmueble/104962207/
abando-albia,https://www.idealista.com/inmueble/108962080/
abando-albia,https://www.idealista.com/inmueble/108962080/
abando-albia,https://www.idealista.com/inmueble/105058964/
abando-albia,https://www.idealista.com/inmueble/104973366/
abando-albia,https://www.idealista.com/inmueble/105015329/
abando-albia,https://www.idealista.com/inmueble/109091865/
abando-albia,https://www.idealista.com/inmueble/98503266/
abando-albia,https://www.idealista.com/inmueble/107787815/
abando-albia,https://www.idealista.com/inmueble/108552447/
abando-albia,https://www.idealista.com/inmueble/109396431/
abando-albia,https://www.idealista.com/inmueble/103097638/
abando-albia,https://www.idealista.com/inmueble/109367622/
abando-albia,https://www.idealista.com/inmueble/109304406/
abando-albia,https://www.idealista.com/inmueble/107663338/
abando-albia,https://www.idealista.com/inmueble/106632361/
abando-albia,https://www.idealista.com/inmueble/106006200/
abando-albia,https://www.idealista.com/inmueble/104418440/
abando-albia,https://www.idealista.com/inmueble/109303159/
abando-albia,https://www.idealista.com/inmueble/107651263/
abando-albia,https://www.idealista.com/inmueble/106034917/
abando-albia,https://www.idealista.com/inmueble/109302318/
abando-albia,https://www.idealista.com/inmueble/109302058/
abando-albia,https://www.idealista.com/inmueble/109223061/
abando-albia,https://www.idealista.com/inmueble/108352063/
abando-albia,https://www.idealista.com/inmueble/106829589/
abando-albia,https://www.idealista.com/inmueble/107689697/
abando-albia,https://www.idealista.com/inmueble/108285737/
abando-albia,https://www.idealista.com/inmueble/108284583/
abando-albia,https://www.idealista.com/inmueble/105019928/
abando-albia,https://www.idealista.com/inmueble/106973182/
abando-albia,https://www.idealista.com/inmueble/107583230/
abando-albia,https://www.idealista.com/inmueble/109238430/
abando-albia,https://www.idealista.com/inmueble/107583230/
abando-albia,https://www.idealista.com/inmueble/107624252/
abando-albia,https://www.idealista.com/inmueble/104676620/
abando-albia,https://www.idealista.com/inmueble/106505663/
abando-albia,https://www.idealista.com/inmueble/108304513/
abando-albia,https://www.idealista.com/inmueble/108474118/
abando-albia,https://www.idealista.com/inmueble/107639974/
abando-albia,https://www.idealista.com/inmueble/32453665/
abando-albia,https://www.idealista.com/pro/atehome/venta-viviendas/bilbao/abando-albia/
abando-albia,https://www.idealista.com/inmueble/108817016/
abando-albia,https://www.idealista.com/inmueble/107929296/
abando-albia,https://www.idealista.com/inmueble/108467054/
abando-albia,https://www.idealista.com/inmueble/103339174/
abando-albia,https://www.idealista.com/inmueble/107674312/
abando-albia,https://www.idealista.com/inmueble/86789731/
abando-albia,https://www.idealista.com/inmueble/105563371/
abando-albia,https://www.idealista.com/inmueble/109299299/
abando-albia,https://www.idealista.com/inmueble/108745016/
abando-albia,https://www.idealista.com/inmueble/107487072/
abando-albia,https://www.idealista.com/inmueble/108797994/
abando-albia,https://www.idealista.com/inmueble/108311505/
abando-albia,https://www.idealista.com/inmueble/107351039/
abando-albia,https://www.idealista.com/inmueble/108039614/
abando-albia,https://www.idealista.com/inmueble/107318880/
abando-albia,https://www.idealista.com/inmueble/109120815/
abando-albia,https://www.idealista.com/inmueble/90243549/
abando-albia,https://www.idealista.com/inmueble/107822052/
abando-albia,https://www.idealista.com/inmueble/103274422/
abando-albia,https://www.idealista.com/inmueble/107286658/
abando-albia,https://www.idealista.com/inmueble/102797964/
abando-albia,https://www.idealista.com/inmueble/36954904/
abando-albia,https://www.idealista.com/inmueble/108333178/
abando-albia,https://www.idealista.com/inmueble/108520700/
abando-albia,https://www.idealista.com/inmueble/102130543/
abando-albia,https://www.idealista.com/inmueble/109406156/
indautxu,https://www.idealista.com/inmueble/107443128/
indautxu,https://www.idealista.com/inmueble/107097383/
indautxu,https://www.idealista.com/inmueble/108656612/
indautxu,https://www.idealista.com/inmueble/107864276/
indautxu,https://www.idealista.com/inmueble/108377096/
indautxu,https://www.idealista.com/inmueble/106861202/
indautxu,https://www.idealista.com/inmueble/106452078/
indautxu,https://www.idealista.com/inmueble/107920341/
indautxu,https://www.idealista.com/inmueble/107584276/
indautxu,https://www.idealista.com/pro/atehome/venta-viviendas/bilbao/indautxu/
indautxu,https://www.idealista.com/inmueble/106085735/
indautxu,https://www.idealista.com/inmueble/108159524/
indautxu,https://www.idealista.com/inmueble/108461943/
indautxu,https://www.idealista.com/inmueble/109153667/
indautxu,https://www.idealista.com/inmueble/109224763/
indautxu,https://www.idealista.com/inmueble/108043604/
indautxu,https://www.idealista.com/inmueble/109410216/
indautxu,https://www.idealista.com/inmueble/109361349/
indautxu,https://www.idealista.com/inmueble/106982158/
indautxu,https://www.idealista.com/inmueble/107999754/
indautxu,https://www.idealista.com/inmueble/108553588/
indautxu,https://www.idealista.com/inmueble/109341350/
indautxu,https://www.idealista.com/inmueble/108625410/
indautxu,https://www.idealista.com/inmueble/109201578/
indautxu,https://www.idealista.com/inmueble/109379379/
indautxu,https://www.idealista.com/inmueble/107143783/
indautxu,https://www.idealista.com/inmueble/108748538/
indautxu,https://www.idealista.com/inmueble/108994155/
indautxu,https://www.idealista.com/inmueble/108455699/
indautxu,https://www.idealista.com/inmueble/105410428/
indautxu,https://www.idealista.com/inmueble/108206366/
indautxu,https://www.idealista.com/inmueble/108191698/
indautxu,https://www.idealista.com/inmueble/108061498/
indautxu,https://www.idealista.com/inmueble/109171564/
indautxu,https://www.idealista.com/inmueble/108496597/
indautxu,https://www.idealista.com/inmueble/105076110/
indautxu,https://www.idealista.com/inmueble/109147306/
indautxu,https://www.idealista.com/inmueble/106625597/
indautxu,https://www.idealista.com/inmueble/109360086/
indautxu,https://www.idealista.com/inmueble/109312121/
indautxu,https://www.idealista.com/inmueble/109409575/
indautxu,https://www.idealista.com/inmueble/108117459/
indautxu,https://www.idealista.com/inmueble/108037255/
indautxu,https://www.idealista.com/inmueble/108364373/
indautxu,https://www.idealista.com/inmueble/107315806/
indautxu,https://www.idealista.com/inmueble/108640516/
indautxu,https://www.idealista.com/inmueble/108218879/
indautxu,https://www.idealista.com/inmueble/108645265/
indautxu,https://www.idealista.com/inmueble/108889743/
indautxu,https://www.idealista.com/inmueble/106445037/
indautxu,https://www.idealista.com/inmueble/108228763/
indautxu,https://www.idealista.com/inmueble/108661330/
indautxu,https://www.idealista.com/inmueble/107888435/
indautxu,https://www.idealista.com/inmueble/108437450/
indautxu,https://www.idealista.com/inmueble/106591024/
indautxu,https://www.idealista.com/inmueble/108662648/
indautxu,https://www.idealista.com/inmueble/108638024/
indautxu,https://www.idealista.com/inmueble/108638937/
indautxu,https://www.idealista.com/inmueble/109396559/
indautxu,https://www.idealista.com/inmueble/108948392/
indautxu,https://www.idealista.com/inmueble/108447017/
indautxu,https://www.idealista.com/inmueble/108948392/
indautxu,https://www.idealista.com/inmueble/109034667/
indautxu,https://www.idealista.com/inmueble/108698099/
indautxu,https://www.idealista.com/inmueble/108153856/
indautxu,https://www.idealista.com/inmueble/95616233/
indautxu,https://www.idealista.com/inmueble/107330900/
indautxu,https://www.idealista.com/inmueble/108410567/
indautxu,https://www.idealista.com/inmueble/107980136/
indautxu,https://www.idealista.com/inmueble/108649213/
indautxu,https://www.idealista.com/pro/atehome/venta-viviendas/bilbao/indautxu/
indautxu,https://www.idealista.com/inmueble/108174896/
indautxu,https://www.idealista.com/inmueble/109199759/
indautxu,https://www.idealista.com/inmueble/108126661/
indautxu,https://www.idealista.com/inmueble/108699400/
indautxu,https://www.idealista.com/inmueble/109342364/
indautxu,https://www.idealista.com/inmueble/109244423/
indautxu,https://www.idealista.com/inmueble/109147502/
indautxu,https://www.idealista.com/inmueble/107904228/
indautxu,https://www.idealista.com/inmueble/109257180/
indautxu,https://www.idealista.com/inmueble/106538866/
indautxu,https://www.idealista.com/inmueble/109410510/
indautxu,https://www.idealista.com/inmueble/109336330/
indautxu,https://www.idealista.com/inmueble/109404686/
indautxu,https://www.idealista.com/inmueble/107563291/
indautxu,https://www.idealista.com/inmueble/109383005/
indautxu,https://www.idealista.com/inmueble/109413398/
indautxu,https://www.idealista.com/inmueble/109411050/
indautxu,https://www.idealista.com/inmueble/109403243/
indautxu,https://www.idealista.com/inmueble/109412928/
indautxu,https://www.idealista.com/inmueble/109411416/
indautxu,https://www.idealista.com/inmueble/109351131/
indautxu,https://www.idealista.com/inmueble/109356311/
indautxu,https://www.idealista.com/inmueble/109349507/
indautxu,https://www.idealista.com/inmueble/109390077/
indautxu,https://www.idealista.com/inmueble/106860618/
indautxu,https://www.idealista.com/inmueble/109142813/
indautxu,https://www.idealista.com/inmueble/107674543/
indautxu,https://www.idealista.com/inmueble/109351072/
indautxu,https://www.idealista.com/inmueble/107796374/
indautxu,https://www.idealista.com/inmueble/109215465/
indautxu,https://www.idealista.com/inmueble/109197780/
indautxu,https://www.idealista.com/inmueble/106255235/
indautxu,https://www.idealista.com/inmueble/108294747/
indautxu,https://www.idealista.com/inmueble/108828720/
indautxu,https://www.idealista.com/inmueble/108480371/
indautxu,https://www.idealista.com/inmueble/109378774/
indautxu,https://www.idealista.com/inmueble/108750921/
indautxu,https://www.idealista.com/inmueble/108433446/
indautxu,https://www.idealista.com/inmueble/108466540/
indautxu,https://www.idealista.com/inmueble/108461348/
indautxu,https://www.idealista.com/inmueble/108783217/
indautxu,https://www.idealista.com/inmueble/36473088/
indautxu,https://www.idealista.com/inmueble/108303897/
indautxu,https://www.idealista.com/inmueble/108429623/
indautxu,https://www.idealista.com/inmueble/108746080/
indautxu,https://www.idealista.com/inmueble/108447186/
indautxu,https://www.idealista.com/inmueble/108299837/
indautxu,https://www.idealista.com/inmueble/109175824/
indautxu,https://www.idealista.com/inmueble/107071149/
indautxu,https://www.idealista.com/inmueble/109380932/
indautxu,https://www.idealista.com/inmueble/107933859/
indautxu,https://www.idealista.com/inmueble/108294963/
indautxu,https://www.idealista.com/inmueble/108325249/
indautxu,https://www.idealista.com/inmueble/109178461/
indautxu,https://www.idealista.com/inmueble/109262000/
indautxu,https://www.idealista.com/inmueble/104865187/
indautxu,https://www.idealista.com/inmueble/106966220/
indautxu,https://www.idealista.com/inmueble/108299972/
indautxu,https://www.idealista.com/inmueble/108746567/
indautxu,https://www.idealista.com/inmueble/108745366/
indautxu,https://www.idealista.com/pro/atehome/venta-viviendas/bilbao/indautxu/
indautxu,https://www.idealista.com/inmueble/108305162/
indautxu,https://www.idealista.com/inmueble/109383160/
indautxu,https://www.idealista.com/inmueble/108308227/
indautxu,https://www.idealista.com/inmueble/108745070/
indautxu,https://www.idealista.com/inmueble/108434569/
indautxu,https://www.idealista.com/inmueble/108511708/
indautxu,https://www.idealista.com/inmueble/107689535/
indautxu,https://www.idealista.com/inmueble/108094712/
indautxu,https://www.idealista.com/inmueble/107604886/
indautxu,https://www.idealista.com/inmueble/106603624/
indautxu,https://www.idealista.com/inmueble/109262317/
indautxu,https://www.idealista.com/inmueble/107488515/
indautxu,https://www.idealista.com/inmueble/108159497/
indautxu,https://www.idealista.com/inmueble/104454246/
indautxu,https://www.idealista.com/inmueble/108599823/
indautxu,https://www.idealista.com/inmueble/97834190/
indautxu,https://www.idealista.com/inmueble/106598540/
indautxu,https://www.idealista.com/inmueble/108243188/
indautxu,https://www.idealista.com/inmueble/107389140/
indautxu,https://www.idealista.com/inmueble/108897414/
indautxu,https://www.idealista.com/inmueble/108439542/
indautxu,https://www.idealista.com/inmueble/104267658/
indautxu,https://www.idealista.com/inmueble/108251341/
indautxu,https://www.idealista.com/inmueble/107800137/
indautxu,https://www.idealista.com/inmueble/106877963/
indautxu,https://www.idealista.com/inmueble/107791179/
indautxu,https://www.idealista.com/inmueble/1788077/
indautxu,https://www.idealista.com/inmueble/109396831/
indautxu,https://www.idealista.com/inmueble/109299114/
indautxu,https://www.idealista.com/inmueble/107409720/
indautxu,https://www.idealista.com/inmueble/109278709/
indautxu,https://www.idealista.com/inmueble/106329688/
indautxu,https://www.idealista.com/inmueble/106005766/
indautxu,https://www.idealista.com/inmueble/108760929/
indautxu,https://www.idealista.com/inmueble/107513441/
casco-viejo,https://www.idealista.com/inmueble/107176792/
casco-viejo,https://www.idealista.com/inmueble/108600402/
casco-viejo,https://www.idealista.com/inmueble/108753220/
casco-viejo,https://www.idealista.com/inmueble/107842437/
casco-viejo,https://www.idealista.com/inmueble/107567526/
casco-viejo,https://www.idealista.com/inmueble/109101013/
casco-viejo,https://www.idealista.com/inmueble/105324061/
casco-viejo,https://www.idealista.com/inmueble/109196482/
casco-viejo,https://www.idealista.com/inmueble/109377123/
casco-viejo,https://www.idealista.com/inmueble/103735495/
casco-viejo,https://www.idealista.com/inmueble/107976985/
casco-viejo,https://www.idealista.com/inmueble/102511950/
casco-viejo,https://www.idealista.com/inmueble/106145934/
casco-viejo,https://www.idealista.com/inmueble/107990916/
casco-viejo,https://www.idealista.com/inmueble/107447540/
casco-viejo,https://www.idealista.com/inmueble/1373474/
casco-viejo,https://www.idealista.com/inmueble/108104289/
casco-viejo,https://www.idealista.com/inmueble/106260876/
casco-viejo,https://www.idealista.com/inmueble/108621230/
casco-viejo,https://www.idealista.com/inmueble/104928157/
casco-viejo,https://www.idealista.com/inmueble/108850728/
casco-viejo,https://www.idealista.com/inmueble/109271221/
casco-viejo,https://www.idealista.com/inmueble/108808706/
casco-viejo,https://www.idealista.com/inmueble/109328410/
casco-viejo,https://www.idealista.com/inmueble/100038677/
casco-viejo,https://www.idealista.com/inmueble/100817168/
casco-viejo,https://www.idealista.com/inmueble/107563120/
casco-viejo,https://www.idealista.com/inmueble/108521515/
casco-viejo,https://www.idealista.com/inmueble/102495944/
casco-viejo,https://www.idealista.com/inmueble/107750692/
casco-viejo,https://www.idealista.com/inmueble/108739628/
casco-viejo,https://www.idealista.com/inmueble/108710305/
casco-viejo,https://www.idealista.com/inmueble/107544242/
casco-viejo,https://www.idealista.com/inmueble/103565862/
casco-viejo,https://www.idealista.com/inmueble/108167711/
casco-viejo,https://www.idealista.com/inmueble/108461233/
casco-viejo,https://www.idealista.com/inmueble/109213004/
casco-viejo,https://www.idealista.com/inmueble/108372275/
casco-viejo,https://www.idealista.com/inmueble/106536681/
casco-viejo,https://www.idealista.com/inmueble/109272559/
casco-viejo,https://www.idealista.com/inmueble/109124846/
casco-viejo,https://www.idealista.com/inmueble/106115269/
casco-viejo,https://www.idealista.com/inmueble/109205689/
casco-viejo,https://www.idealista.com/inmueble/101007192/
casco-viejo,https://www.idealista.com/inmueble/498912/
casco-viejo,https://www.idealista.com/inmueble/100876457/
casco-viejo,https://www.idealista.com/inmueble/106856227/
casco-viejo,https://www.idealista.com/inmueble/109304280/
casco-viejo,https://www.idealista.com/inmueble/107940609/
casco-viejo,https://www.idealista.com/inmueble/106681926/
casco-viejo,https://www.idealista.com/inmueble/107855762/
casco-viejo,https://www.idealista.com/inmueble/108042969/
casco-viejo,https://www.idealista.com/inmueble/107701626/
casco-viejo,https://www.idealista.com/inmueble/109348081/
casco-viejo,https://www.idealista.com/inmueble/104799353/
casco-viejo,https://www.idealista.com/inmueble/103361886/
casco-viejo,https://www.idealista.com/inmueble/106976172/
casco-viejo,https://www.idealista.com/inmueble/97215913/
casco-viejo,https://www.idealista.com/inmueble/106276817/
casco-viejo,https://www.idealista.com/inmueble/108821193/
casco-viejo,https://www.idealista.com/inmueble/108285853/
casco-viejo,https://www.idealista.com/inmueble/107785073/
casco-viejo,https://www.idealista.com/inmueble/109237111/
casco-viejo,https://www.idealista.com/inmueble/106664125/
casco-viejo,https://www.idealista.com/inmueble/106453549/
begona-santutxu,https://www.idealista.com/inmueble/107863744/
begona-santutxu,https://www.idealista.com/inmueble/108819213/
begona-santutxu,https://www.idealista.com/inmueble/107431866/
begona-santutxu,https://www.idealista.com/inmueble/108590794/
begona-santutxu,https://www.idealista.com/inmueble/109331742/
begona-santutxu,https://www.idealista.com/inmueble/107569107/
begona-santutxu,https://www.idealista.com/inmueble/109030651/
begona-santutxu,https://www.idealista.com/inmueble/108277657/
begona-santutxu,https://www.idealista.com/inmueble/108505035/
begona-santutxu,https://www.idealista.com/pro/inmobiliaria-basarrate/venta-viviendas/bilbao/begona-santutxu/
begona-santutxu,https://www.idealista.com/inmueble/108009098/
begona-santutxu,https://www.idealista.com/inmueble/107441993/
begona-santutxu,https://www.idealista.com/inmueble/108881084/
begona-santutxu,https://www.idealista.com/inmueble/108792677/
begona-santutxu,https://www.idealista.com/inmueble/109331674/
begona-santutxu,https://www.idealista.com/inmueble/109330273/
begona-santutxu,https://www.idealista.com/inmueble/109330271/
begona-santutxu,https://www.idealista.com/inmueble/109330274/
begona-santutxu,https://www.idealista.com/inmueble/100666823/
begona-santutxu,https://www.idealista.com/inmueble/108279857/
begona-santutxu,https://www.idealista.com/inmueble/108844820/
begona-santutxu,https://www.idealista.com/inmueble/100666785/
begona-santutxu,https://www.idealista.com/inmueble/108155911/
begona-santutxu,https://www.idealista.com/inmueble/109355939/
begona-santutxu,https://www.idealista.com/inmueble/108185770/
begona-santutxu,https://www.idealista.com/inmueble/108249023/
begona-santutxu,https://www.idealista.com/inmueble/108839686/
begona-santutxu,https://www.idealista.com/inmueble/108799524/
begona-santutxu,https://www.idealista.com/inmueble/109179238/
begona-santutxu,https://www.idealista.com/inmueble/109217189/
begona-santutxu,https://www.idealista.com/inmueble/108555183/
begona-santutxu,https://www.idealista.com/inmueble/108650750/
begona-santutxu,https://www.idealista.com/inmueble/109328956/
begona-santutxu,https://www.idealista.com/inmueble/109085406/
begona-santutxu,https://www.idealista.com/inmueble/108853446/
begona-santutxu,https://www.idealista.com/inmueble/109222551/
begona-santutxu,https://www.idealista.com/inmueble/108936741/
begona-santutxu,https://www.idealista.com/inmueble/108489966/
begona-santutxu,https://www.idealista.com/inmueble/108310541/
begona-santutxu,https://www.idealista.com/inmueble/108236772/
begona-santutxu,https://www.idealista.com/inmueble/109414551/
begona-santutxu,https://www.idealista.com/inmueble/109350727/
begona-santutxu,https://www.idealista.com/inmueble/109410303/
begona-santutxu,https://www.idealista.com/inmueble/109361094/
begona-santutxu,https://www.idealista.com/inmueble/108279843/
begona-santutxu,https://www.idealista.com/inmueble/108279860/
begona-santutxu,https://www.idealista.com/inmueble/104105273/
begona-santutxu,https://www.idealista.com/inmueble/106838944/
begona-santutxu,https://www.idealista.com/inmueble/96480898/
begona-santutxu,https://www.idealista.com/inmueble/109410639/
begona-santutxu,https://www.idealista.com/inmueble/109248858/
begona-santutxu,https://www.idealista.com/inmueble/109221860/
begona-santutxu,https://www.idealista.com/inmueble/109234207/
begona-santutxu,https://www.idealista.com/inmueble/108585919/
begona-santutxu,https://www.idealista.com/inmueble/109351107/
begona-santutxu,https://www.idealista.com/inmueble/107601186/
begona-santutxu,https://www.idealista.com/inmueble/108896732/
begona-santutxu,https://www.idealista.com/inmueble/104991901/
begona-santutxu,https://www.idealista.com/inmueble/109362110/
begona-santutxu,https://www.idealista.com/inmueble/108797678/
begona-santutxu,https://www.idealista.com/inmueble/108391063/
begona-santutxu,https://www.idealista.com/inmueble/109310811/
begona-santutxu,https://www.idealista.com/inmueble/107281873/
begona-santutxu,https://www.idealista.com/inmueble/109264691/
begona-santutxu,https://www.idealista.com/inmueble/109228827/
begona-santutxu,https://www.idealista.com/inmueble/107679815/
begona-santutxu,https://www.idealista.com/inmueble/107262533/
begona-santutxu,https://www.idealista.com/inmueble/108555409/
begona-santutxu,https://www.idealista.com/inmueble/109311351/
begona-santutxu,https://www.idealista.com/inmueble/106029475/
begona-santutxu,https://www.idealista.com/pro/inmobiliaria-basarrate/venta-viviendas/bilbao/begona-santutxu/
begona-santutxu,https://www.idealista.com/inmueble/108342139/
begona-santutxu,https://www.idealista.com/inmueble/108491404/
begona-santutxu,https://www.idealista.com/inmueble/101325934/
begona-santutxu,https://www.idealista.com/inmueble/108896855/
begona-santutxu,https://www.idealista.com/inmueble/107276052/
begona-santutxu,https://www.idealista.com/inmueble/109377649/
begona-santutxu,https://www.idealista.com/inmueble/108358025/
begona-santutxu,https://www.idealista.com/inmueble/107213836/
begona-santutxu,https://www.idealista.com/inmueble/108538885/
begona-santutxu,https://www.idealista.com/inmueble/100580376/
begona-santutxu,https://www.idealista.com/inmueble/108577103/
begona-santutxu,https://www.idealista.com/inmueble/107959059/
begona-santutxu,https://www.idealista.com/inmueble/109155898/
begona-santutxu,https://www.idealista.com/inmueble/105666635/
begona-santutxu,https://www.idealista.com/inmueble/109336820/
begona-santutxu,https://www.idealista.com/inmueble/109199306/
begona-santutxu,https://www.idealista.com/inmueble/27927742/
rekalde,https://www.idealista.com/inmueble/109154853/
rekalde,https://www.idealista.com/inmueble/109343049/
rekalde,https://www.idealista.com/inmueble/108266220/
rekalde,https://www.idealista.com/inmueble/103431360/
rekalde,https://www.idealista.com/inmueble/109299718/
rekalde,https://www.idealista.com/inmueble/109316726/
rekalde,https://www.idealista.com/inmueble/109199801/
rekalde,https://www.idealista.com/inmueble/108774031/
rekalde,https://www.idealista.com/inmueble/107303537/
rekalde,https://www.idealista.com/inmueble/106630561/
rekalde,https://www.idealista.com/inmueble/106679471/
rekalde,https://www.idealista.com/inmueble/106679529/
rekalde,https://www.idealista.com/inmueble/106679489/
rekalde,https://www.idealista.com/inmueble/108172085/
rekalde,https://www.idealista.com/inmueble/106335983/
rekalde,https://www.idealista.com/inmueble/109277923/
rekalde,https://www.idealista.com/inmueble/109105483/
rekalde,https://www.idealista.com/inmueble/107896358/
rekalde,https://www.idealista.com/inmueble/108081274/
rekalde,https://www.idealista.com/inmueble/108850176/
rekalde,https://www.idealista.com/inmueble/109067830/
rekalde,https://www.idealista.com/inmueble/109250350/
rekalde,https://www.idealista.com/inmueble/109294850/
rekalde,https://www.idealista.com/inmueble/109230452/
rekalde,https://www.idealista.com/inmueble/109186586/
rekalde,https://www.idealista.com/inmueble/99318225/
rekalde,https://www.idealista.com/inmueble/109215199/
rekalde,https://www.idealista.com/inmueble/108233433/
rekalde,https://www.idealista.com/inmueble/107546961/
rekalde,https://www.idealista.com/inmueble/109198586/
rekalde,https://www.idealista.com/inmueble/109309392/
rekalde,https://www.idealista.com/inmueble/108972352/
rekalde,https://www.idealista.com/inmueble/108063122/
rekalde,https://www.idealista.com/inmueble/106779992/
rekalde,https://www.idealista.com/inmueble/108095182/
rekalde,https://www.idealista.com/inmueble/99535885/
rekalde,https://www.idealista.com/inmueble/106210753/
rekalde,https://www.idealista.com/inmueble/109195062/
rekalde,https://www.idealista.com/inmueble/108358959/
rekalde,https://www.idealista.com/inmueble/108601144/
rekalde,https://www.idealista.com/inmueble/108338292/
rekalde,https://www.idealista.com/inmueble/108590781/
rekalde,https://www.idealista.com/inmueble/107284394/
rekalde,https://www.idealista.com/inmueble/109145392/
rekalde,https://www.idealista.com/inmueble/108398870/
rekalde,https://www.idealista.com/inmueble/108017678/
rekalde,https://www.idealista.com/inmueble/108721815/
rekalde,https://www.idealista.com/inmueble/109169822/
rekalde,https://www.idealista.com/inmueble/109019004/
rekalde,https://www.idealista.com/inmueble/107881653/
rekalde,https://www.idealista.com/inmueble/109410304/
rekalde,https://www.idealista.com/inmueble/106925396/
rekalde,https://www.idealista.com/inmueble/106669124/
rekalde,https://www.idealista.com/inmueble/105908703/
rekalde,https://www.idealista.com/inmueble/109414297/
rekalde,https://www.idealista.com/inmueble/108161663/
rekalde,https://www.idealista.com/inmueble/106630531/
rekalde,https://www.idealista.com/inmueble/108396316/
rekalde,https://www.idealista.com/inmueble/106679526/
rekalde,https://www.idealista.com/inmueble/109402546/
rekalde,https://www.idealista.com/inmueble/109327655/
rekalde,https://www.idealista.com/inmueble/109327768/
rekalde,https://www.idealista.com/inmueble/109327767/
rekalde,https://www.idealista.com/inmueble/109327682/
rekalde,https://www.idealista.com/inmueble/109390052/
rekalde,https://www.idealista.com/inmueble/108254771/
rekalde,https://www.idealista.com/inmueble/107531854/
rekalde,https://www.idealista.com/inmueble/107447852/
rekalde,https://www.idealista.com/inmueble/107531980/
rekalde,https://www.idealista.com/inmueble/108318506/
rekalde,https://www.idealista.com/inmueble/107531976/
rekalde,https://www.idealista.com/inmueble/108254935/
rekalde,https://www.idealista.com/inmueble/108318505/
rekalde,https://www.idealista.com/inmueble/107531775/
rekalde,https://www.idealista.com/inmueble/109390012/
rekalde,https://www.idealista.com/inmueble/109390071/
rekalde,https://www.idealista.com/inmueble/107445288/
rekalde,https://www.idealista.com/inmueble/107445263/
rekalde,https://www.idealista.com/inmueble/109390013/
rekalde,https://www.idealista.com/inmueble/109390014/
rekalde,https://www.idealista.com/inmueble/107445255/
rekalde,https://www.idealista.com/inmueble/107445336/
rekalde,https://www.idealista.com/inmueble/109404006/
rekalde,https://www.idealista.com/inmueble/108173390/
rekalde,https://www.idealista.com/inmueble/108173363/
rekalde,https://www.idealista.com/inmueble/108173406/
rekalde,https://www.idealista.com/inmueble/108173366/
rekalde,https://www.idealista.com/inmueble/108173368/
rekalde,https://www.idealista.com/inmueble/108173389/
rekalde,https://www.idealista.com/inmueble/108173369/
rekalde,https://www.idealista.com/inmueble/108173373/
rekalde,https://www.idealista.com/inmueble/109334776/
rekalde,https://www.idealista.com/inmueble/109409116/
rekalde,https://www.idealista.com/inmueble/102510611/
rekalde,https://www.idealista.com/inmueble/101093962/
rekalde,https://www.idealista.com/inmueble/101093938/
rekalde,https://www.idealista.com/inmueble/101093959/
rekalde,https://www.idealista.com/inmueble/101093919/
rekalde,https://www.idealista.com/inmueble/108449729/
rekalde,https://www.idealista.com/inmueble/108449711/
rekalde,https://www.idealista.com/inmueble/108449706/
rekalde,https://www.idealista.com/inmueble/108449713/
rekalde,https://www.idealista.com/inmueble/108449714/
rekalde,https://www.idealista.com/inmueble/108449728/
rekalde,https://www.idealista.com/inmueble/108449726/
rekalde,https://www.idealista.com/inmueble/108449730/
rekalde,https://www.idealista.com/inmueble/107531866/
rekalde,https://www.idealista.com/inmueble/109168460/
rekalde,https://www.idealista.com/inmueble/108449361/
rekalde,https://www.idealista.com/inmueble/108589891/
rekalde,https://www.idealista.com/inmueble/108446680/
rekalde,https://www.idealista.com/inmueble/109385001/
rekalde,https://www.idealista.com/inmueble/109385117/
rekalde,https://www.idealista.com/inmueble/109286735/
rekalde,https://www.idealista.com/inmueble/109368507/
rekalde,https://www.idealista.com/inmueble/108451005/
rekalde,https://www.idealista.com/inmueble/108567434/
rekalde,https://www.idealista.com/inmueble/109197856/
rekalde,https://www.idealista.com/inmueble/109341933/
rekalde,https://www.idealista.com/inmueble/106501240/
rekalde,https://www.idealista.com/inmueble/109220985/
rekalde,https://www.idealista.com/inmueble/109203046/
rekalde,https://www.idealista.com/inmueble/109110479/
rekalde,https://www.idealista.com/inmueble/109330096/
rekalde,https://www.idealista.com/inmueble/109310321/
rekalde,https://www.idealista.com/inmueble/109296602/
rekalde,https://www.idealista.com/inmueble/108293897/
rekalde,https://www.idealista.com/inmueble/109260287/
rekalde,https://www.idealista.com/inmueble/108363319/
rekalde,https://www.idealista.com/inmueble/109379225/
rekalde,https://www.idealista.com/inmueble/109057474/
rekalde,https://www.idealista.com/inmueble/109220448/
rekalde,https://www.idealista.com/inmueble/107623208/
rekalde,https://www.idealista.com/inmueble/109313437/
rekalde,https://www.idealista.com/inmueble/108311886/
rekalde,https://www.idealista.com/inmueble/108311018/
rekalde,https://www.idealista.com/inmueble/108295178/
rekalde,https://www.idealista.com/inmueble/1715146/
rekalde,https://www.idealista.com/inmueble/107328935/
rekalde,https://www.idealista.com/inmueble/108295037/
rekalde,https://www.idealista.com/inmueble/108043757/
rekalde,https://www.idealista.com/inmueble/108600017/
rekalde,https://www.idealista.com/inmueble/109221112/
rekalde,https://www.idealista.com/inmueble/108719873/
rekalde,https://www.idealista.com/inmueble/106385105/
rekalde,https://www.idealista.com/inmueble/106923589/
rekalde,https://www.idealista.com/inmueble/109224507/
rekalde,https://www.idealista.com/inmueble/109304784/
rekalde,https://www.idealista.com/inmueble/105848587/
rekalde,https://www.idealista.com/inmueble/108325094/
rekalde,https://www.idealista.com/inmueble/108093326/
rekalde,https://www.idealista.com/inmueble/109252403/
rekalde,https://www.idealista.com/inmueble/109284056/
rekalde,https://www.idealista.com/inmueble/109361356/
rekalde,https://www.idealista.com/inmueble/107616517/
rekalde,https://www.idealista.com/inmueble/108638510/
rekalde,https://www.idealista.com/inmueble/107261888/
rekalde,https://www.idealista.com/inmueble/107894629/
rekalde,https://www.idealista.com/inmueble/107856969/
rekalde,https://www.idealista.com/inmueble/109252402/
rekalde,https://www.idealista.com/inmueble/109250552/
rekalde,https://www.idealista.com/inmueble/109221964/
rekalde,https://www.idealista.com/inmueble/109322440/
rekalde,https://www.idealista.com/inmueble/109302854/
rekalde,https://www.idealista.com/inmueble/108213926/
rekalde,https://www.idealista.com/inmueble/109250551/
rekalde,https://www.idealista.com/inmueble/109217880/
rekalde,https://www.idealista.com/inmueble/109262060/
rekalde,https://www.idealista.com/inmueble/108574497/
rekalde,https://www.idealista.com/inmueble/109258283/
rekalde,https://www.idealista.com/inmueble/108435198/
rekalde,https://www.idealista.com/inmueble/108239063/
rekalde,https://www.idealista.com/inmueble/107175319/
rekalde,https://www.idealista.com/inmueble/108510800/
rekalde,https://www.idealista.com/inmueble/107423551/
rekalde,https://www.idealista.com/inmueble/109236822/
rekalde,https://www.idealista.com/inmueble/108293973/
rekalde,https://www.idealista.com/inmueble/108295462/
rekalde,https://www.idealista.com/inmueble/104939714/
rekalde,https://www.idealista.com/inmueble/105007622/
rekalde,https://www.idealista.com/inmueble/104974090/
rekalde,https://www.idealista.com/inmueble/104961921/
rekalde,https://www.idealista.com/inmueble/108028913/
rekalde,https://www.idealista.com/inmueble/99337587/
rekalde,https://www.idealista.com/inmueble/109201304/
rekalde,https://www.idealista.com/inmueble/109220202/
rekalde,https://www.idealista.com/inmueble/109254034/
rekalde,https://www.idealista.com/inmueble/108595708/
rekalde,https://www.idealista.com/inmueble/105089617/
rekalde,https://www.idealista.com/inmueble/107542949/
rekalde,https://www.idealista.com/inmueble/108598883/
rekalde,https://www.idealista.com/inmueble/35483234/
rekalde,https://www.idealista.com/inmueble/108040573/
rekalde,https://www.idealista.com/inmueble/108164807/
rekalde,https://www.idealista.com/inmueble/109376066/
rekalde,https://www.idealista.com/inmueble/109003651/
rekalde,https://www.idealista.com/inmueble/107651805/
rekalde,https://www.idealista.com/inmueble/104982579/
rekalde,https://www.idealista.com/inmueble/104951273/
rekalde,https://www.idealista.com/inmueble/109329680/
rekalde,https://www.idealista.com/inmueble/107687086/
rekalde,https://www.idealista.com/inmueble/107521925/
rekalde,https://www.idealista.com/inmueble/108820242/
rekalde,https://www.idealista.com/inmueble/108485875/
rekalde,https://www.idealista.com/inmueble/99135645/
rekalde,https://www.idealista.com/inmueble/107855853/
rekalde,https://www.idealista.com/inmueble/107762085/
rekalde,https://www.idealista.com/inmueble/107681708/
rekalde,https://www.idealista.com/inmueble/107342585/
rekalde,https://www.idealista.com/inmueble/107802813/
rekalde,https://www.idealista.com/inmueble/109029446/
rekalde,https://www.idealista.com/inmueble/108842409/
rekalde,https://www.idealista.com/inmueble/106790488/
rekalde,https://www.idealista.com/inmueble/27973101/
ibaiondo,https://www.idealista.com/inmueble/103377458/
ibaiondo,https://www.idealista.com/inmueble/108246432/
ibaiondo,https://www.idealista.com/inmueble/109245128/
ibaiondo,https://www.idealista.com/inmueble/108129682/
ibaiondo,https://www.idealista.com/inmueble/103985698/
ibaiondo,https://www.idealista.com/inmueble/109374305/
ibaiondo,https://www.idealista.com/inmueble/107946000/
ibaiondo,https://www.idealista.com/inmueble/107664101/
ibaiondo,https://www.idealista.com/inmueble/108048287/
ibaiondo,https://www.idealista.com/inmueble/106473280/
ibaiondo,https://www.idealista.com/inmueble/108892315/
ibaiondo,https://www.idealista.com/inmueble/109161972/
ibaiondo,https://www.idealista.com/inmueble/108105724/
ibaiondo,https://www.idealista.com/inmueble/107884522/
ibaiondo,https://www.idealista.com/inmueble/108014456/
ibaiondo,https://www.idealista.com/inmueble/108323820/
ibaiondo,https://www.idealista.com/inmueble/109364080/
ibaiondo,https://www.idealista.com/inmueble/99164183/
ibaiondo,https://www.idealista.com/inmueble/99070067/
ibaiondo,https://www.idealista.com/inmueble/109152485/
ibaiondo,https://www.idealista.com/inmueble/109396437/
ibaiondo,https://www.idealista.com/inmueble/109408479/
ibaiondo,https://www.idealista.com/inmueble/108254762/
ibaiondo,https://www.idealista.com/inmueble/108236098/
ibaiondo,https://www.idealista.com/inmueble/107293324/
ibaiondo,https://www.idealista.com/inmueble/108632167/
ibaiondo,https://www.idealista.com/inmueble/108747839/
ibaiondo,https://www.idealista.com/inmueble/81274698/
ibaiondo,https://www.idealista.com/inmueble/108708830/
ibaiondo,https://www.idealista.com/inmueble/108527997/
ibaiondo,https://www.idealista.com/inmueble/98902123/
ibaiondo,https://www.idealista.com/inmueble/109361551/
ibaiondo,https://www.idealista.com/inmueble/108903566/
ibaiondo,https://www.idealista.com/inmueble/107262414/
ibaiondo,https://www.idealista.com/inmueble/109385061/
ibaiondo,https://www.idealista.com/inmueble/108587815/
ibaiondo,https://www.idealista.com/inmueble/107687263/
ibaiondo,https://www.idealista.com/inmueble/100661166/
ibaiondo,https://www.idealista.com/inmueble/108358645/
ibaiondo,https://www.idealista.com/inmueble/108748016/
ibaiondo,https://www.idealista.com/inmueble/108888604/
ibaiondo,https://www.idealista.com/inmueble/107935107/
ibaiondo,https://www.idealista.com/inmueble/107737470/
ibaiondo,https://www.idealista.com/inmueble/109293875/
ibaiondo,https://www.idealista.com/inmueble/107701639/
ibaiondo,https://www.idealista.com/inmueble/107944950/
ibaiondo,https://www.idealista.com/inmueble/107678550/
ibaiondo,https://www.idealista.com/inmueble/108820938/
ibaiondo,https://www.idealista.com/inmueble/109266058/
ibaiondo,https://www.idealista.com/inmueble/106216320/
ibaiondo,https://www.idealista.com/inmueble/108626113/
ibaiondo,https://www.idealista.com/inmueble/108921980/
ibaiondo,https://www.idealista.com/inmueble/108926669/
ibaiondo,https://www.idealista.com/inmueble/106264712/
ibaiondo,https://www.idealista.com/inmueble/108357087/
ibaiondo,https://www.idealista.com/inmueble/108871791/
ibaiondo,https://www.idealista.com/inmueble/107650956/
ibaiondo,https://www.idealista.com/inmueble/109316309/
ibaiondo,https://www.idealista.com/inmueble/108535863/
ibaiondo,https://www.idealista.com/inmueble/109242032/
ibaiondo,https://www.idealista.com/inmueble/107472167/
ibaiondo,https://www.idealista.com/inmueble/108480559/
ibaiondo,https://www.idealista.com/inmueble/108520629/
ibaiondo,https://www.idealista.com/inmueble/106574624/
ibaiondo,https://www.idealista.com/inmueble/107296892/
ibaiondo,https://www.idealista.com/inmueble/104453511/
ibaiondo,https://www.idealista.com/inmueble/108652549/
ibaiondo,https://www.idealista.com/inmueble/108875362/
ibaiondo,https://www.idealista.com/inmueble/109032992/
ibaiondo,https://www.idealista.com/inmueble/95181745/
ibaiondo,https://www.idealista.com/inmueble/107879373/
ibaiondo,https://www.idealista.com/inmueble/107330270/
ibaiondo,https://www.idealista.com/inmueble/108639592/
ibaiondo,https://www.idealista.com/inmueble/109410155/
ibaiondo,https://www.idealista.com/inmueble/108425835/
ibaiondo,https://www.idealista.com/inmueble/107165773/
ibaiondo,https://www.idealista.com/inmueble/109395527/
ibaiondo,https://www.idealista.com/inmueble/102765816/
ibaiondo,https://www.idealista.com/inmueble/109408955/
ibaiondo,https://www.idealista.com/inmueble/103976127/
ibaiondo,https://www.idealista.com/inmueble/108075026/
ibaiondo,https://www.idealista.com/inmueble/107138755/
ibaiondo,https://www.idealista.com/inmueble/105176036/
ibaiondo,https://www.idealista.com/inmueble/109410105/
ibaiondo,https://www.idealista.com/inmueble/108765741/
ibaiondo,https://www.idealista.com/inmueble/109405402/
ibaiondo,https://www.idealista.com/inmueble/109149748/
ibaiondo,https://www.idealista.com/inmueble/108848193/
ibaiondo,https://www.idealista.com/inmueble/103107140/
ibaiondo,https://www.idealista.com/inmueble/108900505/
ibaiondo,https://www.idealista.com/inmueble/109396916/
ibaiondo,https://www.idealista.com/inmueble/108900505/
ibaiondo,https://www.idealista.com/inmueble/107881868/
ibaiondo,https://www.idealista.com/inmueble/108892579/
ibaiondo,https://www.idealista.com/inmueble/104382020/
ibaiondo,https://www.idealista.com/inmueble/109161882/
ibaiondo,https://www.idealista.com/inmueble/108896052/
ibaiondo,https://www.idealista.com/inmueble/102973276/
ibaiondo,https://www.idealista.com/inmueble/103529657/
ibaiondo,https://www.idealista.com/inmueble/105233833/
ibaiondo,https://www.idealista.com/inmueble/108939989/
ibaiondo,https://www.idealista.com/inmueble/109162023/
ibaiondo,https://www.idealista.com/inmueble/106538528/
ibaiondo,https://www.idealista.com/inmueble/106933863/
ibaiondo,https://www.idealista.com/inmueble/102896928/
ibaiondo,https://www.idealista.com/inmueble/109261638/
ibaiondo,https://www.idealista.com/inmueble/108522972/
ibaiondo,https://www.idealista.com/inmueble/109314255/
ibaiondo,https://www.idealista.com/inmueble/108448247/
ibaiondo,https://www.idealista.com/inmueble/708534/
ibaiondo,https://www.idealista.com/inmueble/108960969/
ibaiondo,https://www.idealista.com/inmueble/108960425/
ibaiondo,https://www.idealista.com/inmueble/106974475/
ibaiondo,https://www.idealista.com/inmueble/108384419/
ibaiondo,https://www.idealista.com/inmueble/108778962/
ibaiondo,https://www.idealista.com/inmueble/109332459/
ibaiondo,https://www.idealista.com/inmueble/108943132/
ibaiondo,https://www.idealista.com/inmueble/106572576/
ibaiondo,https://www.idealista.com/inmueble/109093358/
ibaiondo,https://www.idealista.com/inmueble/102568712/
ibaiondo,https://www.idealista.com/inmueble/102584315/
ibaiondo,https://www.idealista.com/inmueble/108447023/
ibaiondo,https://www.idealista.com/inmueble/102659731/
ibaiondo,https://www.idealista.com/inmueble/108905881/
ibaiondo,https://www.idealista.com/inmueble/108889062/
ibaiondo,https://www.idealista.com/inmueble/109095801/
ibaiondo,https://www.idealista.com/inmueble/109097599/
ibaiondo,https://www.idealista.com/inmueble/108892639/
ibaiondo,https://www.idealista.com/inmueble/108492248/
ibaiondo,https://www.idealista.com/inmueble/108249514/
ibaiondo,https://www.idealista.com/inmueble/107973724/
ibaiondo,https://www.idealista.com/inmueble/104418622/
ibaiondo,https://www.idealista.com/inmueble/106221020/
ibaiondo,https://www.idealista.com/inmueble/108186070/
ibaiondo,https://www.idealista.com/inmueble/106226553/
ibaiondo,https://www.idealista.com/inmueble/109188256/
ibaiondo,https://www.idealista.com/inmueble/109349111/
ibaiondo,https://www.idealista.com/inmueble/108111780/
ibaiondo,https://www.idealista.com/inmueble/109237888/
ibaiondo,https://www.idealista.com/inmueble/104417095/
ibaiondo,https://www.idealista.com/inmueble/106224520/
ibaiondo,https://www.idealista.com/inmueble/106282954/
ibaiondo,https://www.idealista.com/inmueble/108113390/
ibaiondo,https://www.idealista.com/inmueble/104389063/
ibaiondo,https://www.idealista.com/inmueble/109361728/
ibaiondo,https://www.idealista.com/inmueble/106296115/
ibaiondo,https://www.idealista.com/inmueble/108994456/
ibaiondo,https://www.idealista.com/inmueble/108964695/
ibaiondo,https://www.idealista.com/inmueble/109374414/
ibaiondo,https://www.idealista.com/inmueble/108694357/
ibaiondo,https://www.idealista.com/inmueble/108895723/
ibaiondo,https://www.idealista.com/inmueble/108434362/
ibaiondo,https://www.idealista.com/inmueble/108840306/
ibaiondo,https://www.idealista.com/inmueble/104395467/
ibaiondo,https://www.idealista.com/inmueble/109278656/
ibaiondo,https://www.idealista.com/inmueble/108384758/
ibaiondo,https://www.idealista.com/inmueble/108384440/
ibaiondo,https://www.idealista.com/inmueble/106289655/
ibaiondo,https://www.idealista.com/inmueble/109239075/
ibaiondo,https://www.idealista.com/inmueble/108746769/
ibaiondo,https://www.idealista.com/inmueble/108724467/
ibaiondo,https://www.idealista.com/inmueble/108751345/
ibaiondo,https://www.idealista.com/inmueble/109312590/
ibaiondo,https://www.idealista.com/inmueble/109323838/
ibaiondo,https://www.idealista.com/inmueble/109334078/
ibaiondo,https://www.idealista.com/inmueble/109349170/
ibaiondo,https://www.idealista.com/inmueble/109371831/
ibaiondo,https://www.idealista.com/inmueble/109327876/
ibaiondo,https://www.idealista.com/inmueble/109134045/
ibaiondo,https://www.idealista.com/inmueble/106226652/
ibaiondo,https://www.idealista.com/inmueble/108435035/
ibaiondo,https://www.idealista.com/inmueble/108313071/
ibaiondo,https://www.idealista.com/inmueble/104761896/
ibaiondo,https://www.idealista.com/inmueble/108250784/
ibaiondo,https://www.idealista.com/inmueble/109375186/
ibaiondo,https://www.idealista.com/inmueble/99459487/
ibaiondo,https://www.idealista.com/inmueble/109094318/
ibaiondo,https://www.idealista.com/inmueble/109299713/
ibaiondo,https://www.idealista.com/inmueble/108684751/
ibaiondo,https://www.idealista.com/inmueble/107729340/
ibaiondo,https://www.idealista.com/inmueble/107501445/
ibaiondo,https://www.idealista.com/inmueble/108223078/
ibaiondo,https://www.idealista.com/inmueble/109367542/
ibaiondo,https://www.idealista.com/inmueble/109368720/
ibaiondo,https://www.idealista.com/inmueble/109396392/
ibaiondo,https://www.idealista.com/inmueble/90012967/
ibaiondo,https://www.idealista.com/inmueble/106240167/
ibaiondo,https://www.idealista.com/inmueble/106953459/
ibaiondo,https://www.idealista.com/inmueble/108853797/
ibaiondo,https://www.idealista.com/inmueble/106848475/
ibaiondo,https://www.idealista.com/inmueble/108280735/
ibaiondo,https://www.idealista.com/inmueble/108005290/
ibaiondo,https://www.idealista.com/inmueble/105865248/
ibaiondo,https://www.idealista.com/inmueble/108510549/
ibaiondo,https://www.idealista.com/inmueble/109350397/
ibaiondo,https://www.idealista.com/inmueble/107287589/
ibaiondo,https://www.idealista.com/inmueble/107265698/
ibaiondo,https://www.idealista.com/inmueble/105707402/
ibaiondo,https://www.idealista.com/inmueble/102533624/
ibaiondo,https://www.idealista.com/inmueble/102609611/
ibaiondo,https://www.idealista.com/inmueble/104891131/
ibaiondo,https://www.idealista.com/inmueble/104622482/
ibaiondo,https://www.idealista.com/inmueble/108834287/
ibaiondo,https://www.idealista.com/inmueble/106182242/
ibaiondo,https://www.idealista.com/inmueble/99878558/
ibaiondo,https://www.idealista.com/inmueble/108638950/
ibaiondo,https://www.idealista.com/inmueble/106208455/
ibaiondo,https://www.idealista.com/inmueble/102773318/
ibaiondo,https://www.idealista.com/inmueble/81953362/
ibaiondo,https://www.idealista.com/inmueble/93776899/
ibaiondo,https://www.idealista.com/inmueble/108863561/
ibaiondo,https://www.idealista.com/inmueble/107511006/
san-adrian-la-pena,https://www.idealista.com/inmueble/109279528/
san-adrian-la-pena,https://www.idealista.com/inmueble/108650226/
san-adrian-la-pena,https://www.idealista.com/inmueble/109015981/
san-adrian-la-pena,https://www.idealista.com/inmueble/109152535/
san-adrian-la-pena,https://www.idealista.com/inmueble/109266265/
san-adrian-la-pena,https://www.idealista.com/inmueble/108453825/
san-adrian-la-pena,https://www.idealista.com/inmueble/109322604/
san-adrian-la-pena,https://www.idealista.com/inmueble/107230992/
san-adrian-la-pena,https://www.idealista.com/inmueble/107245693/
san-adrian-la-pena,https://www.idealista.com/inmueble/109206015/
san-adrian-la-pena,https://www.idealista.com/inmueble/107386918/
san-adrian-la-pena,https://www.idealista.com/inmueble/108812275/
san-adrian-la-pena,https://www.idealista.com/inmueble/109244450/
san-adrian-la-pena,https://www.idealista.com/inmueble/109216438/
san-adrian-la-pena,https://www.idealista.com/inmueble/108945562/
san-adrian-la-pena,https://www.idealista.com/inmueble/108493897/
san-adrian-la-pena,https://www.idealista.com/inmueble/108493769/
san-adrian-la-pena,https://www.idealista.com/inmueble/108493862/
san-adrian-la-pena,https://www.idealista.com/inmueble/108493896/
san-adrian-la-pena,https://www.idealista.com/inmueble/108969841/
san-adrian-la-pena,https://www.idealista.com/inmueble/109329791/
san-adrian-la-pena,https://www.idealista.com/inmueble/109230048/
san-adrian-la-pena,https://www.idealista.com/inmueble/109194769/
san-adrian-la-pena,https://www.idealista.com/inmueble/109384649/
san-adrian-la-pena,https://www.idealista.com/inmueble/107417330/
san-adrian-la-pena,https://www.idealista.com/inmueble/109319239/
san-adrian-la-pena,https://www.idealista.com/inmueble/109324334/
san-adrian-la-pena,https://www.idealista.com/inmueble/107244382/
san-adrian-la-pena,https://www.idealista.com/inmueble/107260420/
san-adrian-la-pena,https://www.idealista.com/inmueble/107244381/
san-adrian-la-pena,https://www.idealista.com/inmueble/107264379/
san-adrian-la-pena,https://www.idealista.com/inmueble/107252216/
san-adrian-la-pena,https://www.idealista.com/inmueble/109337677/
san-adrian-la-pena,https://www.idealista.com/inmueble/109334462/
san-adrian-la-pena,https://www.idealista.com/inmueble/107392051/
san-adrian-la-pena,https://www.idealista.com/inmueble/109244206/
san-adrian-la-pena,https://www.idealista.com/inmueble/109325271/
san-adrian-la-pena,https://www.idealista.com/inmueble/109276785/
san-adrian-la-pena,https://www.idealista.com/inmueble/107175006/
san-adrian-la-pena,https://www.idealista.com/inmueble/107389969/
san-adrian-la-pena,https://www.idealista.com/inmueble/101540464/
san-adrian-la-pena,https://www.idealista.com/inmueble/109302834/
san-adrian-la-pena,https://www.idealista.com/inmueble/108040948/
san-adrian-la-pena,https://www.idealista.com/inmueble/105151119/